{"ProjectWatches":"{\"Value\":[]}","ProjectBreakpoints":"{\"Value\":{\"inven_1.xaml\":[{\"ConditionalExpression\":null,\"ActionExpression\":null,\"ExpectedHitCounter\":null,\"ShouldContinueAfterAction\":false,\"IsEnabled\":true,\"ActivityIdRef\":\"ClickImage_14\",\"ActivityId\":\"1.77\",\"ActivityName\":\"Click Image 'iexplore.exe  PU-SCS'\"},{\"ConditionalExpression\":null,\"ActionExpression\":null,\"ExpectedHitCounter\":null,\"ShouldContinueAfterAction\":false,\"IsEnabled\":true,\"ActivityIdRef\":\"SelectItem_11\",\"ActivityId\":\"1.87\",\"ActivityName\":\"Select Item 'SELECT  idOrganizationId'\"}]}}","OpenedDocuments":"[\"inven_1.xaml\"]"}